date,user,is_retweet,is_quote,text,quoted_text
2020-07-06 02:43:44,GCheriyan,False,False,In a letter¬†titled¬†‚ÄòAssault on the Rule of Law and Article 19 of the Constitution of India‚Äô,¬†99 civil servants lamented the ‚Äúerosion‚Äù of rule of law and urged all Indians to ‚Äúunite‚Äù in defence of the rule of law and Right to Freedom of Speech
https://t.co/L3Qt3X7g9j,
2020-07-06 02:43:45,shreyas123r,True,False,RT @earth: A black panther roaming in the jungles of Kabini, India. https://t.co/UT8zodvv0m,
2020-07-06 02:43:45,sevensinsmovies,False,False,Corona Update in India!
https://t.co/DNniASCKQ3
Total Confirmed:673165
Active Cases:244814
Total Recovered: 409083
Total Deaths:19268
Updated at:06/07/2020
#stayhome #CoronaUpdatesInIndia #CoronavirusIndia #CoronaUpdates 
 #COVID„Éº19
Hindi Chini Bye Bye https://t.co/FKmoC8I7My,
2020-07-06 02:43:45,kukangcantip,True,False,RT @KeeNand__: Negara ini kekurangan toilet, padahal anggaran militer nya salah satu yang paling besar di Asia, dan CNN pernah meliput Indi‚Ä¶,
2020-07-06 02:43:45,sridhar1085,False,True,Early morning optimism!!! We need the same levels in India too!!!,We're going to beat Donald Trump. And when we do, we won't just rebuild this nation ‚Äî we'll transform it.
2020-07-06 02:43:46,ganeshchetan,True,False,RT @dhume: .‚Å¶@manujosephsan‚Å©: For decades, Dalits held an indisputable claim to be the worst off group in India. But it‚Äôs time to acknowled‚Ä¶,
2020-07-06 02:43:46,GyatriDebnath,False,False,@actorjeffreyho i am gyatr from India i want fellow mishboyko but i didn't getting his new profile, i am big fan of him after watched queen movie‚ò∫üåπ,
2020-07-06 02:43:46,ChandanPurbi,False,False,@DoC_GoI 
Sir, with great pain I want to tell that my brother @rakepradha (Chief Oficer) on Vessel; M T Nimbus Gas of üá±üá∑, is stuck since past 4 months in Port Jose, Venezuela since #COVID19Pandemic
Sir it's humble request üôèüèª to you &amp; your Dept. to bring him back to India
üôèüèªüôèüèªüôèüèª https://t.co/zxrRq5gOfW,
2020-07-06 02:43:46,Adalber20775759,True,False,RT @DemocracyNowEs: La escritora Arundhati Roy habl√≥ con Democracy Now! acerca de los problemas estructurales de injusticias y desigualdade‚Ä¶,
2020-07-06 02:43:46,AmitKum16572765,True,False,RT @Dheeraj82123464: Reservation destroy india üáÆüá≥#‡§∏‡§µ‡§∞‡•ç‡§£‡•ã_‡§ï‡•Ä_‡§≠‡•Ä_‡§∏‡•Å‡§®‡•ã_‡§∏‡§∞‡§ï‡§æ‡§∞ https://t.co/7kzlbyMGU3,
2020-07-06 02:43:46,Nithin03781205,True,False,RT @MaheshFanTrends: Here's The Tag To Celebrate The Massive Acheivement Of Superstar @urstrulymahesh On Reaching 10 Million Followersü•≥

Mo‚Ä¶,
2020-07-06 02:43:46,nit_ye,False,True,I'd like to send this tweet to my ss teacher who made us learn the world map and know different countries and there location. üòå,can Y'ALL teach yourself geography???? like it's not that hard I'm tired of seeing "omg i thought Africa was a country" or "Asia is all China" or "isn't india in Europe" like how fucking stupid could you be IT'S NOT THAT HARD
2020-07-06 02:43:47,raj181998,True,False,RT @atram_shatram: India m politicians ameero se paisa leke khud ke shaukh poore karte hai aur middle class  walo se paisa leke gareebo ke.‚Ä¶,
2020-07-06 02:43:47,Jha14140571,True,False,RT @ShivamJ24: @witter0001 @Ashok_Kashmir A man who worships people like Savarkar ,SP Mookerjee ,Golwalkar ,Godse cannot be and are not pat‚Ä¶,
2020-07-06 02:43:47,EvilOdradek,True,False,RT @emeequis: üåê#EnElMundo #COVID19 supera 11.4 millones de casos ‚Ä¢ 11,408,981 ‚úÖ‚Ä¢ 533,684‚ò†Ô∏è
M√©xico 8vo del Top10
üá∫üá∏EU 2,880,130
üáßüá∑Brasil 1,6‚Ä¶,
2020-07-06 02:43:47,SreejaSanyal2,False,True,#PMModiCBIForSSR,INDIA DEMANDS JUSTICE FOR SUSHANT

All Culprits have to be punished hard
There are proofs and their sources all over SM

Indians are not going to buy lie and Lie-peddlers
When we Unite, none can stop

Sushant DESERVED TO LIVE as much as we do ..
#PMModiCBIForSSR
2020-07-06 02:43:47,raul72317,False,False,Electric grid :) @ Chennai, India https://t.co/XOkzjY059x,
2020-07-06 02:43:47,Reyanshtweets,True,False,RT @Reyanshtweets: @RahulGandhi CONGRESS HAS FAILED INDIA

CONGRESS HAS DIVIDED INDIA

CONGRESS HAS LOOTED INDIA

#berozgaarRaGa 
#berozgaa‚Ä¶,
2020-07-06 02:43:47,deepak2013bans1,True,False,RT @Silent_Hrt: Do you know 1.8 million people are homeless in india till date?
To solve the problem of homeless people,DSS volunteers buil‚Ä¶,
2020-07-06 02:43:47,Sunil9130,True,False,RT @HansrajMeena: This is ur @Twitter @TwitterIndia
@jack @verified right to suspend any handle, but we have right to know the reasons behi‚Ä¶,
2020-07-06 02:43:47,shashisshukl,True,False,RT @dintya15: Zoya Khan becomes India's first transgender operator of Common Service Centre https://t.co/XLpQsdLSN3,
2020-07-06 02:43:47,vageshdhfm,True,False,RT @PanduGadu2_0: Fastest 1 Million Tweets For A Bday CDP In India üì¢

1. #THALAPATHYBdayFestCDP - 50 Mins 

2. #ThalaAJITHBdayGalaCDP - 106‚Ä¶,
2020-07-06 02:43:47,sachinranana,True,True,RT @rajuparulekar: üëá,‡§â‡§´‡§º, ‡§Ø‡•á ‡§ï‡•ç‡§Ø‡§æ ‡§¶‡•á‡§ñ‡§®‡•á ‡§Æ‡•á‡§Ç ‡§Ü‡§Ø‡§æ ‡§Ü‡§ú @adgpi https://t.co/CDOow3O0xS 
‡§è‡§ï ‡§§‡§∞‡§´‡§º ‡§á‡§Æ‡§∞‡§ú‡•á‡§Ç‡§∏‡•Ä ‡§™‡§∞‡§ö‡•á‡§ú ‡§∏‡•á ‡§¨‡•á‡§π‡§§‡§∞‡•Ä‡§® ‡§µ‡•â‡§∞ ‡§á‡§ï‡•ç‡§µ‡§ø‡§™‡§Æ‡•á‡§Ç‡§ü ‡§î‡§∞ ‡§¶‡•Ç‡§∏‡§∞‡•Ä ‡§ì‡§∞ ‡§∏‡•á‡§®‡§æ ‡§ï‡•á ‡§≤‡§ø‡§Ø‡•á ‡§¨‡§∞‡•ç‡§´‡•Ä‡§≤‡•á ‡§Æ‡•å‡§∏‡§Æ ‡§Æ‡•á‡§Ç ‡§≠‡•Ä ‡§∏‡§¨-‡§∏‡•ç‡§ü‡•à‡§Ç‡§°‡§∞‡•ç‡§° ‡§ï‡•ç‡§µ‡§æ‡§≤‡§ø‡§ü‡•Ä ‡§ï‡•Ä ECC ‡§ï‡•ç‡§≤‡•ã‡§¶‡§ø‡§Ç‡§ó!! 
‡§¨‡§æ‡§∞‡§¨‡§æ‡§∞ ‡§è‡§ï ‡§π‡•Ä ‡§ï‡§Æ‡•ç‡§™‡§®‡•Ä ‡§ï‡•ã ‡§ï‡•â‡§Ç‡§ü‡•ç‡§∞‡•à‡§ï‡•ç‡§ü. ‡§ï‡•à‡§∏‡•á ‡§π‡•ã‡§§‡§æ ‡§π‡•à ‡§Ø‡•á?‡§µ‡•ã ‡§≠‡•Ä ‡§Ö‡§¨? @INCIndia @Pawankhera
2020-07-06 02:43:47,Hastivarman,True,False,RT @Bhikhshu: Gandhi was summoned to India in 1915 by CF Andrews, just as world war 1 raged and British capacity to hold any rebellion in I‚Ä¶,
2020-07-06 02:43:48,antonnia72,True,False,RT @SergioSarmiento: Muertes reportadas hoy: 
Brasil        535
M√©xico     523
India         421
EUA          247
Per√∫         177
Fuente:‚Ä¶,
2020-07-06 02:43:48,SewakIn41230287,True,False,RT @AroraRajni777: Do you know millions of people in India who are homeless, To solve the problem of homeless people, the followers of @der‚Ä¶,
2020-07-06 02:43:48,AtulShu94176900,False,True,Rahul ji ap to ye batao cr. ki sampati me se apne kitna pm cares me dan diya, @RahulGandhi,‡§∞‡§æ‡§π‡•Å‡§≤ ‡§ó‡§æ‡§Ç‡§ß‡•Ä ‡§¨‡•ã‡§≤‡•á, PM ‡§ï‡•á‡§Ø‡§∞‡•ç‡§∏ ‡§ï‡•ã‡§∑ ‡§Æ‡•á‡§Ç ‡§Ö‡§™‡§æ‡§∞‡§¶‡§∞‡•ç‡§∂‡§ø‡§§‡§æ ‡§∏‡•á ‡§ñ‡§§‡§∞‡•á ‡§Æ‡•á‡§Ç ‡§™‡§°‡§º ‡§∞‡§π‡•Ä ‡§π‡•à ‡§ú‡§ø‡§Ç‡§¶‡§ó‡§ø‡§Ø‡§æ‡§Ç
https://t.co/SsmvmGUosB
2020-07-06 02:43:48,SriBharateeya,True,False,RT @shekharkapur: The sheer intensity of Seema Biswas in Bandit Queen. As Director I have always been deeply dependent on performances of t‚Ä¶,
2020-07-06 02:43:48,nailasolihah,True,False,RT @ShehabAgencyEn: It‚Äôs time for the world to see and to face #India‚Äôs inhumane violence in #Kashmir. https://t.co/c5Mzzfwjwe,
2020-07-06 02:43:48,jigu106,True,False,RT @narendramodi: I bow to Dr. Syama Prasad Mookerjee on his Jayanti. A devout patriot, he made exemplary contributions towards India‚Äôs dev‚Ä¶,
2020-07-06 02:43:48,Rajdeep68707420,True,False,RT @SonamGyaltsenL3: @niostwit @DrRPNishank @HRDMinistry @SWAYAMMHRD @CBSharma01 @MIB_India @OfficeOfSDhotre @KVS_HQ @dselmhrd @cbseindia29‚Ä¶,
2020-07-06 02:43:48,dinusrivastava,True,True,RT @ksinamdar: Terrifying statements by Mr. Bhatt. Headley doesn‚Äôt seem to be just an accident.,This man brazenly and openly supports Izlamic terror attacks on India. Are you STILL going to watch his movie? @MaheshNBhatt is a creep in more ways than one. https://t.co/TGwZwqhFWX
2020-07-06 02:43:49,Raju67091537,True,False,RT @AatBalraj: did any school use sanatan clothes in their dress code but missionaries use their #ConversionMafia dress in all their school‚Ä¶,
2020-07-06 02:43:49,cohnjarlo,False,False,@__BryanNotBrian team india ako during that episode haha kasi if it wasnt so true, alexis wouldnt be so defensive hahaha,
2020-07-06 02:43:49,kmramanathan,True,False,RT @narendramodi: I bow to Dr. Syama Prasad Mookerjee on his Jayanti. A devout patriot, he made exemplary contributions towards India‚Äôs dev‚Ä¶,
2020-07-06 02:43:49,VishalS71470719,True,False,RT @AnoopMi11798822: This is the reality of reservation system in India. 
#‡§∏‡§µ‡§∞‡•ç‡§£‡•ã_‡§ï‡•Ä_‡§≠‡•Ä_‡§∏‡•Å‡§®‡•ã_‡§∏‡§∞‡§ï‡§æ‡§∞ 
#‡§∏‡§µ‡§∞‡•ç‡§£‡•ã_‡§ï‡•Ä_‡§≠‡•Ä_‡§∏‡•Å‡§®‡•ã_‡§∏‡§∞‡§ï‡§æ‡§∞ 
#‡§∏‡§µ‡§∞‡•ç‡§£‡•ã_‡§ï‡•Ä_‡§≠‡•Ä‚Ä¶,
2020-07-06 02:43:49,PRAPAT_VALAM,True,False,RT @narendramodi: I bow to Dr. Syama Prasad Mookerjee on his Jayanti. A devout patriot, he made exemplary contributions towards India‚Äôs dev‚Ä¶,
2020-07-06 02:43:49,urbanrural1,True,False,RT @BeenaPP1: Why is Guru Purnima No Longer A Big Celebration In India? - Sadhguru

Britishers knew our strength lies in our culture, and t‚Ä¶,
2020-07-06 02:43:50,AB54821623,False,False,@Quagmire4u @PravinSawhney It is an internal matter and India will deal with it.,
2020-07-06 02:43:50,vinaynagamule1,True,False,RT @SunilRKulkarni8: #savegujaratnre #AtmaNirbharBharat @PMOIndia @nsitharaman @JoshiPralhad @JagadishShettar @BelladArvind 
Revival is the‚Ä¶,
2020-07-06 02:43:50,baateiniswaqtki,True,False,RT @narendramodi: I bow to Dr. Syama Prasad Mookerjee on his Jayanti. A devout patriot, he made exemplary contributions towards India‚Äôs dev‚Ä¶,
2020-07-06 02:43:50,MKforINC,True,False,RT @konark_IYC: To handle current situation of our country INDIA need this Hand 

ùó•ùóß ùó∂ùó≥ ùòÜùóºùòÇ ùóîùó¥ùóøùó≤ùó≤ https://t.co/j8PkMOEOe2,
2020-07-06 02:43:50,vijay_chari,True,True,RT @AsYouNotWish: FRIENDS,

Beware of these fake accounts with Nepali identities created by Pakistanis. Not long ago, the ISI created numer‚Ä¶,Indian coward Army initiated unprovoked ceasefire violation across the India-Nepal border at Belahiya.
At least 3 civilians were injured as a result of unprovoked¬†Indian firing. In responding, our brave soldiers killed 7 Indian soldiers. https://t.co/SI1dUliYxp
2020-07-06 02:43:50,Renolouis,True,False,RT @sardesairajdeep: A race no one wants to win. India with 6.8 lakh cases has crossed Russia to become the country with the third highest‚Ä¶,
2020-07-06 02:43:50,kukangcantip,True,False,RT @KeeNand__: Sekedar sharing 3 taun lalu, aku pnya pengalaman ke India sama mantan aku, dari kamar hotel, yang gk terlalu jauh dr pantai‚Ä¶,
2020-07-06 02:43:50,ThappadKhaoge,True,False,RT @anilkhanna248: 40 websites supporting Khalistan blocked by GOI
https://t.co/lnYpbQgQ45,
2020-07-06 02:43:51,formarrowdbs,True,False,RT @ashu123bharat: @SecPompeo Fact is
China ate Tibet Taiwan honkong and Balochistan, Pakistan
Now they 
Targetting small countries like Ba‚Ä¶,
2020-07-06 02:43:51,AbdulsALEEm95,True,False,RT @HansrajMeena: This is ur @Twitter @TwitterIndia
@jack @verified right to suspend any handle, but we have right to know the reasons behi‚Ä¶,
2020-07-06 02:43:51,MayurDa61630153,False,False,@sushilmishra01 1.FekendraSinh University Delhi
2. Godhara University Gujarat since 2007
3. Lying reachers and development university of india.,
2020-07-06 02:43:51,jiteshsinght,True,False,RT @Voice_For_India: India &amp; America relationship is bigger &amp; stronger than ever because of the great love &amp; respect that @narendramodi &amp; @‚Ä¶,
2020-07-06 02:43:51,sharmaaa15,False,False,@EsBeing @PoliticalKida @_JigneshMehta @saurabhtop @INCIndia @IYC The author of discovery of IndiaüòÇüòÇ
Facts from a khangressi
Defaming the nehrus
This guy is a special kind of idiot.
Must be high after smelling petrol.
Padh leta bhai to aaj ye din nahi dekhna padta, 
2024 tak congress mukt bharat
Tu bhi apna dekh lio phir uske baad,
2020-07-06 02:43:51,Li_Humanity,True,False,RT @DilliDurAst: ‚Äú106-Year-Old Delhi Man, Who Survived Spanish Flu In 1918, Beats COVID-19‚Äù https://t.co/YStdSfKm8o,
2020-07-06 02:43:51,thesonisingh,False,False,@globaltimesnews India have COVID-19 also because #China !!
We are thankful for the treatment and Virus as well..!!,
2020-07-06 02:43:51,Prakash30543920,True,False,RT @narendramodi: I bow to Dr. Syama Prasad Mookerjee on his Jayanti. A devout patriot, he made exemplary contributions towards India‚Äôs dev‚Ä¶,
2020-07-06 02:43:51,Ranjeet92854812,True,False,RT @Dheeraj82123464: Reservation destroy india üáÆüá≥#‡§∏‡§µ‡§∞‡•ç‡§£‡•ã_‡§ï‡•Ä_‡§≠‡•Ä_‡§∏‡•Å‡§®‡•ã_‡§∏‡§∞‡§ï‡§æ‡§∞ https://t.co/7kzlbyMGU3,
2020-07-06 02:43:51,agt1434,True,False,RT @Dheeraj82123464: Reservation destroy india üáÆüá≥#‡§∏‡§µ‡§∞‡•ç‡§£‡•ã_‡§ï‡•Ä_‡§≠‡•Ä_‡§∏‡•Å‡§®‡•ã_‡§∏‡§∞‡§ï‡§æ‡§∞ https://t.co/7kzlbyMGU3,
2020-07-06 02:43:51,Hastivarman,True,False,RT @Agastya801: @Bhikhshu @Hiranyareta Collaborators like Gopal Krishna Gokhale had been campaigning for many years for this. But, by 1915‚Ä¶,
2020-07-06 02:43:52,HUFToday,False,False,#ShyamaPrasadMukherjee the founder of the Jan Sangh, one of the leading lights of Hindutva in India. Unfortunately he has never been given his due, by historians, has been portrayed as a rabble rousing communal bigot.,
2020-07-06 02:43:52,AquariusGirrl,True,True,RT @tweetofkt: Such a beautiful video made by @gifamp... I loved the spotlight concept.. Very minute detailing.. Thanks @AskAbhiNow for sha‚Ä¶,Watch this heartwarming video of an elephant #mother and calf crossing a road through a wildlife sanctuary in India. 
Tell me what you have noticed in Entire video.
Feedback appreciated on Technology

Watch till the end!
@gifamp

#wildlife #elephant https://t.co/h3czblqIxP
2020-07-06 02:43:52,ReliableCreatio,True,False,RT @ABPNews: ‡§â‡§§‡•ç‡§§‡§∞ ‡§™‡•ç‡§∞‡§¶‡•á‡§∂ | ‡§ó‡§æ‡§ú‡§ø‡§Ø‡§æ‡§¨‡§æ‡§¶ ‡§Æ‡•á‡§Ç ‡§Æ‡•ã‡§Æ‡§¨‡§§‡•ç‡§§‡•Ä ‡§ï‡•á ‡§ï‡§æ‡§∞‡§ñ‡§æ‡§®‡•á ‡§Æ‡•á‡§Ç ‡§≠‡•Ä‡§∑‡§£ ‡§Ü‡§ó ‡§≤‡§ó‡§®‡•á ‡§∏‡•á ‡§µ‡§π‡§æ‡§Ç ‡§ï‡§æ‡§Æ ‡§ï‡§∞‡§®‡•á ‡§µ‡§æ‡§≤‡•Ä ‡§õ‡§π ‡§Æ‡§π‡§ø‡§≤‡§æ ‡§∂‡•ç‡§∞‡§Æ‡§ø‡§ï‡•ã‡§Ç ‡§∏‡§Æ‡•á‡§§ ‡§Ü‡§† ‡§≤‡•ã‡§ó‡•ã‡§Ç ‡§ï‡•Ä ‡§Æ‡•å‡§§‚Ä¶,
2020-07-06 02:43:52,Prartpravi3011,True,False,RT @narendramodi: I bow to Dr. Syama Prasad Mookerjee on his Jayanti. A devout patriot, he made exemplary contributions towards India‚Äôs dev‚Ä¶,
2020-07-06 02:43:52,Ertugru55237994,True,False,RT @CaliCali2000: R&amp;D Spending per year:

India: $20 billion

China: $320 billion

This is why China ranks #1 in the world for internationa‚Ä¶,
2020-07-06 02:43:52,hoeneverdie,False,False,@FOOD_FESS Waktu intern jd housekeeping aku pernah bersihin kamar orang india dan aku gak tau itu kamar bau banget :( padahal ga kotor2 amat kamarnya, terus aku mikir mungkin ini bau keringetnya kali yah baunya tuh nempel diseluruh ruangan lagi. Baunya ky bawang tp masih enakan bawang,
2020-07-06 02:43:52,starrfireeeee,True,False,RT @earth: A black panther roaming in the jungles of Kabini, India. https://t.co/UT8zodvv0m,
2020-07-06 02:43:52,Rahulbh11638148,False,False,@HindiNews18 @SunielVShetty Pakistan ek din India ko muqammal taur par jeetega aur india ko modi se azaadi dilaake modi ka sir kalam karega.,
2020-07-06 02:43:53,ALKESH16423732,True,False,RT @ShefVaidya: If after his Hindu hatred, his justification of Izlamic terror attacks on Mumbai, his lecherous behaviour with young starle‚Ä¶,
2020-07-06 02:43:53,Peacenoodles,False,False,‚ÄúPenalty‚Äù peeks in2 systemic racism in India. Sports films are feel-good tales about overcoming adversity. The industry is problematic but I‚Äôm hopeful it can change - FINALLY üí≠ about changing racist names - R*dskns &amp; Indians. üëçüèΩ#PandemicMovieMarathon #pandemicwithinthepandemic,
2020-07-06 02:43:53,satyendrabah,False,True,Jay hind ki sena,Yet another video of Tibetan community in exile in India waving Indian tricolour and Tibetan Freedom flag as the Indian Army Convoy passes Manali in Himachal Pradesh on way to the border. Truth of what Tibetans truly feel is self-explanatory. Hope Beijing is watching closely. https://t.co/OBoRh75773
2020-07-06 02:43:53,singhsanjaychau,True,False,RT @TarekFatah: Meet the ‚ÄôGrand Old Man of India‚Äô who became Britain's first Asian MP - Sir Dadabhai Naoroji, the Zoroastrian Pioneer of In‚Ä¶,
2020-07-06 02:43:53,flutterby2366,True,False,RT @earth: A black panther roaming in the jungles of Kabini, India. https://t.co/UT8zodvv0m,
2020-07-06 02:43:54,sunilktp,True,True,RT @TheWolfpackIN: GOC of 15 corps Lt Gen Raju on Pak casualties:
Whenever Pak tries to infiltrate, Indian army strikes punitively 
While P‚Ä¶,Pakistan has upgraded its defensive posturing along LoC and has brought it reserve forces, Indian Army is prepared for any action to counter Pak misadventures": Lt Gen BS Raju, GOC of 15 Corps.
2020-07-06 02:43:54,Pardeep413122,True,False,RT @weopined: Make In India, Made for India, Now get Vocal on Local.

When India is trying to become Aatma Nirbhar,
Introducing an Indian s‚Ä¶,
2020-07-06 02:43:54,Mahratta9,True,True,RT @sankrant: Talking about India, rape crisis, etc etc in response to my question about this "perfect state" created by your Prophet and y‚Ä¶,Strawman fallacy. I never said the Quran forbids slavery. However, you on the other hand denied the your Indian rape crisis by blaming it on CNN and the 14% Muslim population of India that's being slaughtered by hindutvas like you.

Where's ur evidence. https://t.co/CcIj6YCpkQ
2020-07-06 02:43:54,saipavanaluri32,True,False,RT @KingKalyanNand1: Biggest trend in India üí•
#PSPKAdvBdyTrendOnJuly13th 
@PawanKalyan 
@KingKalyanNand1 follow me follow back pakkaüíØ üëç
#Va‚Ä¶,
2020-07-06 02:43:54,JuneJuly789,True,True,RT @Garou_Hidalgo: USSR/Russia = 176
That's the reason why these guys were the first to reach space, even the Russians built the central mo‚Ä¶,Where is India?
Shit, why I mentioned India again. https://t.co/R6sMcjSR8F
2020-07-06 02:43:54,nund_boon,False,True,But Masjid and shrines will not be allowed to function
what hypocrisy!,J&amp;K plans "restricted" #AmarnathYatra, 500 pilgrims to be allowed per day https://t.co/RBqej29zlb https://t.co/oIr5jVH1ix
2020-07-06 02:43:54,jnpAnkit,True,False,RT @TheSamirAbbas: ‡§ú‡§æ‡§∞‡•Ä ‡§π‡•à ‡§ï‡•ã‡§∞‡•ã‡§®‡§æ ‡§ï‡•á ‡§®‡§æ‡§Æ ‡§™‡§∞ ‡§™‡•ç‡§∞‡§æ‡§á‡§µ‡•á‡§ü ‡§Ö‡§∏‡•ç‡§™‡§§‡§æ‡§≤‡•ã‡§Ç ‡§ï‡•Ä ‡§≤‡•Ç‡§ü üòí
https://t.co/zLBxXACfcT,
2020-07-06 02:43:54,NisargSolanki19,True,True,RT @MajorPoonia: Dear @globaltimesnews
Indians are using or have used ‚ÄòChinese Products‚Äô to counter ‚ÄòChinese Virus‚Äô as the saying goes ‚ÄúPoi‚Ä¶,As #India becomes the 4th country in the world with more than 600,000 confirmed #COVID19 cases, the country continues to rely on Chinese products to counter the pandemic. https://t.co/GG6XZ6cPS8 https://t.co/7FdkbSn894
2020-07-06 02:43:54,SheikhRA3398,True,False,RT @Smita4rmdHeart: Two answers in one pic.... 
1. Why is he #56InchTummy 
2. Why India is at the 3rd spot in being the worst hit by Covid‚Ä¶,
2020-07-06 02:43:55,sidmangood,False,False,@Ajayes09 This is true, mental health problems aren't taken seriously and people don't care about it in India. This needs to be changed.,
2020-07-06 02:43:55,dede_goddesss,True,False,RT @earth: A black panther roaming in the jungles of Kabini, India. https://t.co/UT8zodvv0m,
2020-07-06 02:43:55,Nehrus_nephew,True,False,RT @HumanityNext: To make Mu$lims happy - 

* Hindu women wearing I$lamic cap in India 

* Christian women wearing Hijab in NZ 
....
Never‚Ä¶,
2020-07-06 02:43:55,fandom_sidnaaz,True,False,RT @narendramodi: I bow to Dr. Syama Prasad Mookerjee on his Jayanti. A devout patriot, he made exemplary contributions towards India‚Äôs dev‚Ä¶,
2020-07-06 02:43:56,jastej,False,False,@kbssidhu1961 That's why I call India a capitalist nation more than a democratic one.,
2020-07-06 02:43:56,PilotPragpura,False,False,This is ur @Twitter @TwitterIndia
@jack @verified right to suspend any handle, but we have right to know the reasons behind this, In india twitter is behaving differently, on the basis of cast, community U are acting.. We The Bahujan will fight till. #RestoreProfDilipMandal,
2020-07-06 02:43:56,MannaJhumjhum,False,False,@VyaparApp The Answer is GoDigital

#Contest #contestalert #giveaway #solvepuzzle #brainteaser #quiz #quizinstagram #gst #gstr  #quizzes #riddles #businessmanagement #india  #trending #trend #Tech4Safety #fintech #financialfreedom #GoDigital  

@TaniyaManna2 @pinkyk1980 
@Divyapednekar71,
2020-07-06 02:43:56,pkfromknr,False,False,@nitin_gadkari Worked with British against Quit India Movement https://t.co/UUnv4G9dg8,
2020-07-06 02:43:56,bombsbybangtan,True,False,RT @_jimintoday_: FILA India Ïù∏Ïä§ÌÉÄ
https://t.co/fx4GZQkOow

#SUGA #JUNGKOOK https://t.co/1oD4T1IirV,
2020-07-06 02:43:56,Srividy29747456,True,True,RT @ksinamdar: Terrifying statements by Mr. Bhatt. Headley doesn‚Äôt seem to be just an accident.,This man brazenly and openly supports Izlamic terror attacks on India. Are you STILL going to watch his movie? @MaheshNBhatt is a creep in more ways than one. https://t.co/TGwZwqhFWX
2020-07-06 02:43:56,ShakkuSingh,True,False,RT @Aalu_1997: Dear @narendramodi 

 Sir

As We all know that u r the Most Fearless Polician of India. If u will Look after this matter and‚Ä¶,
2020-07-06 02:43:57,Rajmathpati_,True,False,RT @Voice_For_India: Thanks to China for #COVID„Éº19 &amp; destroying the world once again. But isn't it funny how the Liberals in India &amp; Americ‚Ä¶,
2020-07-06 02:43:57,Akash19352234,True,False,RT @ramniwas_inc: This is reality of reservation system in India.

#‡§∏‡§µ‡§∞‡•ç‡§£‡•ã_‡§ï‡•Ä_‡§≠‡•Ä_‡§∏‡•Å‡§®‡•ã_‡§∏‡§∞‡§ï‡§æ‡§∞ https://t.co/TYCjJXCYcg,
2020-07-06 02:43:57,navneetthakur99,True,True,RT @sanjeevsanyal: The statue of Columbus torn down in Baltimore. Meanwhile, we in India celebrate "landing spots" of Vasco da Gama. How me‚Ä¶,Protesters just took down the Christopher Columbus statue in Baltimore‚Äôs Little Italy. https://t.co/ViPk5eKOtz
2020-07-06 02:43:58,the_kamlesh_gk,True,False,RT @narendramodi: I bow to Dr. Syama Prasad Mookerjee on his Jayanti. A devout patriot, he made exemplary contributions towards India‚Äôs dev‚Ä¶,
2020-07-06 02:43:58,MansourAlrooqi,True,False,RT @FahadMSaud: ŸÇÿ∑ÿßÿπ ÿßŸÑÿ∑Ÿäÿ±ÿßŸÜ ÿßŸÑÿÆÿßÿµ ŸÑÿßÿ≤ÿßŸÑ ŸÇÿ∑ÿßÿπ ŸàÿßÿπÿØ ŸÑŸÖ Ÿäÿ≥ÿ™ÿ∫ŸÑ ŸÉŸÖÿß ŸáŸà ÿßŸÑÿ≠ÿßŸÑ ŸÅŸä ÿßŸàÿ±Ÿàÿ®ÿß ŸàÿßŸÖÿ±ŸäŸÉÿß Ÿàÿ¥ÿ±ŸÇ ÿ¢ÿ≥Ÿäÿß ÿå Ÿàÿ∞ŸÑŸÉ ŸÑÿ£ÿ≥ÿ®ÿßÿ® ŸÉÿ´Ÿäÿ±ÿ© ŸÑÿß Ÿäÿ≥ÿπ ÿßŸÑŸÖÿ¨ÿßŸÑ ŸÑÿ∞ŸÉÿ±‚Ä¶,
2020-07-06 02:43:58,SeemaMi86214142,True,False,RT @ashoswai: This is China's map of South Asia - For China, Kashmir is not part of India! https://t.co/ZHmxJYeKdh,
2020-07-06 02:43:58,nabilajafani,False,True,Punya 3 toilet tapi gak dipake dan milih berak dijalan??? Otaknya kemana anjir. Mana ini sejalan full berak semua lagi gilak,Abis nnton BBC yg meliput soal kasta paling rendah India yakni Sudra yg kerjaanya setiap pagi membersihkan ‚Äúranjau‚Äù orang India yang suka Poop sembarangan, India ini anomali bgt, mereka mampu Kirim Satelit ke Orbit Bumi, punya Nuklir tp org2 nya suka berak sembarangan wqwq https://t.co/o4kB2ARz9L
2020-07-06 02:43:59,desita5769,True,False,RT @IwanBotak19: @myanindita @Bang_Has1705 China komunis, kuba komunis, orang Amerika bergaul sama china jadi komunis, orang india bergaul‚Ä¶,
2020-07-06 02:43:59,UdayKum74232657,False,True,Guys ..,Do you think India is doing enough to deal with the #CoronavirusCrisis?
2020-07-06 02:43:59,ChoudharyJangu2,True,False,RT @BhejaPhod: @GVLNRAO Thank you very much sir for raisimg genuine concern of lakh of students across india.

V r really thankful to you,
2020-07-06 02:43:59,AbhayJena14,True,False,RT @narendramodi: I bow to Dr. Syama Prasad Mookerjee on his Jayanti. A devout patriot, he made exemplary contributions towards India‚Äôs dev‚Ä¶,
2020-07-06 02:43:59,jaunpur_city,True,False,RT @HansrajMeena: This is ur @Twitter @TwitterIndia
@jack @verified right to suspend any handle, but we have right to know the reasons behi‚Ä¶,
2020-07-06 02:43:59,Guruballary1,True,False,RT @indiacom: #BiggBoss14: @BeingSalmanKhan to Get Whopping Rs 16 Crore For This Season.

https://t.co/sVuQLsalbu,
2020-07-06 02:43:59,kaimalnandu,True,False,RT @nitinsangwan: Height of dependency. üòÜüòÖ

This is how a Pakistani currency note looked like till 1948.

It was issued by Reserve Bank of‚Ä¶,
2020-07-06 02:43:59,amirakfkhan,False,False,@globaltimesnews And what and why China done against India you should reveal it.

Basterd üëé,
2020-07-06 02:43:59,sat_gollapudi,True,False,RT @Eswarkarthikeya: @GVLNRAO Many more Happy returns of the day sir..Wish you continue to excel like you always does &amp; attain more heights‚Ä¶,
2020-07-06 02:43:59,Mesianico_,True,True,RT @GMonroyEnergy: ¬ø¬ø¬øC√≥mo???

Si Jamnagar es la refiner√≠a que Criminahle uso como modelo para convencer al inocent√≥n de @lopezobrador_ . h‚Ä¶,@laloreyno @GMonroyEnergy Bueno, en India ya no se le ve como negocio en el largo plazo. Por eso Jamnagar, la m√°s grande del mundo dejar√° de producir gasolina y diesel.
2020-07-06 02:44:00,aajoshi0607,True,False,RT @suhasinih: On Dalai Lama's 85th birthday, re-upping a piece from 2018, after the government banned official contact with the Tibetan le‚Ä¶,
2020-07-06 02:44:00,Propaki50199072,True,False,RT @nazir_lord: China Reads India as a Revanchist Power | Greater Kashmir  https://t.co/RyJJxPaJjS,
2020-07-06 02:44:00,PKRay23572979,True,True,RT @Kundankrbgp: N- National
I- Institute for
T- Trading
I- Indian Assets
Aayog,N- Never
 I- Interested in
T- Transforming
 I- India
Aayog
2020-07-06 02:44:00,aarbhasin,True,False,RT @Smita4rmdHeart: Two answers in one pic.... 
1. Why is he #56InchTummy 
2. Why India is at the 3rd spot in being the worst hit by Covid‚Ä¶,
2020-07-06 02:44:00,atlantesindia,True,True,RT @Mahesh10816: First China needs a reset. Han Chinese occupation of countries like Tibet, East turkistan , Manchuria, inner Mongolia etc‚Ä¶,#Opinion: Do China-India relations need a reset? If at all we wish to reset India-China relations, the principle of mutual and equal security has to be observed, says an Indian scholar. https://t.co/vIiOBaeTAj https://t.co/H7Wh9qm9ES
2020-07-06 02:44:00,AftabHind,True,True,RT @Cold_Peace_: Another lecture.

"New Delhi has gone too far by saying 'no' to the China-proposed¬†Belt and Road¬†Initiative...Obviously, I‚Ä¶,#Opinion: #India should not make a bad situation with #China worse. https://t.co/wvKDaAP5EU https://t.co/WNm8uBpkgJ
2020-07-06 02:44:01,Lovingb38063238,True,False,RT @ndtvindia: ‡§ó‡•à‡§Ç‡§ó‡§∏‡•ç‡§ü‡§∞ ‡§ï‡•á ‡§ò‡§∞ ‡§∏‡•á 15 ‡§ú‡§ø‡§Ç‡§¶‡§æ ‡§¨‡§Æ ‡§¨‡§∞‡§æ‡§Æ‡§¶ ‡§π‡•ã‡§®‡•á ‡§ï‡•á ‡§¨‡§æ‡§¶ ‡§™‡•Å‡§≤‡§ø‡§∏ ‡§®‡•á ‡§ï‡§π‡§æ- '‡§Æ‡§æ‡§ì‡§µ‡§æ‡§¶‡§ø‡§Ø‡•ã‡§Ç ‡§ï‡•Ä ‡§§‡§∞‡§π ‡§ï‡§æ‡§Æ ‡§ï‡§∞‡§§‡§æ ‡§•‡§æ ‡§µ‡§ø‡§ï‡§æ‡§∏ ‡§¶‡•Å‡§¨‡•á'
https://t.co/9BEBia‚Ä¶,
2020-07-06 02:44:01,Rohani86699020,True,False,RT @IndiaTales7: Don‚Äôt be confused, it‚Äôs not in India, but it‚Äôs Bali, Indonesia üòåüôè

Pura Siwa Hindu Temple, Batungsel, Pupuan, Tabanan Rege‚Ä¶,
2020-07-06 02:43:56,Saif7in,True,False,RT @IndurChhugani: @amitbehere Publishers I discussed were from USA... I had a grand India, of sending the book manuscript, to the High Cou‚Ä¶,
2020-07-06 02:44:01,vikasmdixit,True,False,RT @narendramodi: I bow to Dr. Syama Prasad Mookerjee on his Jayanti. A devout patriot, he made exemplary contributions towards India‚Äôs dev‚Ä¶,
2020-07-06 02:44:01,kaushal9595,True,False,RT @narendramodi: I bow to Dr. Syama Prasad Mookerjee on his Jayanti. A devout patriot, he made exemplary contributions towards India‚Äôs dev‚Ä¶,
2020-07-06 02:44:01,got_summinu_say,True,False,RT @ashoswai: This is China's map of South Asia - For China, Kashmir is not part of India! https://t.co/ZHmxJYeKdh,
2020-07-06 02:44:01,Shivani4Cong,True,True,RT @PriaINC: Dr. MMS the real Sher with 56 inch chest who never feared the Press and also  CHINA .. Respect  üôèüáÆüá≥ 
- Dr. Manmohan Singh ‚ù£Ô∏è
W‚Ä¶,Silent Prime Minister in the history of India  with SPINE :) , who doesn't fear the media.

- Dr Manmohan Singh ‚ù§ https://t.co/9eDJQvo4j0
2020-07-06 02:43:58,ShahOwais2,True,False,RT @earth: A black panther roaming in the jungles of Kabini, India. https://t.co/UT8zodvv0m,
2020-07-06 02:44:02,Runaway_God,True,False,RT @narendramodi: I bow to Dr. Syama Prasad Mookerjee on his Jayanti. A devout patriot, he made exemplary contributions towards India‚Äôs dev‚Ä¶,
2020-07-06 02:44:02,Rahulbh11638148,False,False,@HindiNews18 @SunielVShetty Fukrey hain india wale kuch nahi kar sakte Pakistan mein jaakarke siwaay surgical strike aur airstrike jaise jhoothe dhol peetne ke woh bhi sirf modi ko vote dilaane ke liye.,
2020-07-06 02:44:02,ajitadev,True,False,RT @Mehboobp1: @RahulGandhi PM Modi has failed in every aspect to protect our country be it is Corona viras or border ishue 

Modi has Surr‚Ä¶,
2020-07-06 02:44:02,Nmenon7,True,True,RT @balbir59: Sir, it‚Äôs our weakness. The policy makers, politicians connive with captains of industry. 
License raaj left but importers lo‚Ä¶,China has maintained fierce geostrategic competition with USA, Japan, India and many other nations. Yet earned plenty of money from them to rise as a global power house. Some grand strategy that!
2020-07-06 02:44:02,NikLim01,False,False,@bbctms @SonySportsIndia @AkashvaniAIR @shashidigital @shashidigital in 2006 FIFA WC, AIR relayed BBC comm'tary. 

How about getting radio rights for non-India matches, starting with #ENGWI this month.

Can relay @bbctms comm'tary OR can have atleast studio comm'tary.

Fans eager to listen sports on radio. 

Pls revert Team AIR üôè,
2020-07-06 02:44:02,PeterCoNET,True,False,RT @MarshaBlackburn: Chinese telecommunications equipment threatens our national security and that of our allies and partners. The wise lea‚Ä¶,
2020-07-06 02:44:02,irfanbasha007,True,False,RT @4tvhyd: India loses more than 10 crores jobs due to PM Modi Unconstitutional, Unplanned Lockdown, @asadowaisi https://t.co/jwfzyBe6vS,
2020-07-06 02:44:02,bestversionofkr,False,True,@EsBeing @PoliticalKida @_JigneshMehta @saurabhtop @INCIndia @IYC https://t.co/fzIURL2sfN,You are completely nescient regarding the past. Please read "Himalayan Blunders" by John Dalvi. 

In 1962 war, India didn't even had proper warfare, Airforce was not used and how can you forget Nehru gave up UNSC membership by saying we are a non-aligned country. https://t.co/UivJ70k7c0
2020-07-06 02:44:02,akhand_dubey,True,False,RT @narendramodi: I bow to Dr. Syama Prasad Mookerjee on his Jayanti. A devout patriot, he made exemplary contributions towards India‚Äôs dev‚Ä¶,
2020-07-06 02:44:03,BlancoRdguez,True,False,RT @yannygl: #Cuba vs COVID-19 en el mundo: R√©cord diario de casos en India, siguen altas las cifras en Estados Unidos, Brasil y M√©xico 
#C‚Ä¶,
2020-07-06 02:44:03,guri66318964,True,False,RT @PriyaRa57121170: #GiftOfHome
Do you know 1.8 millions people are homeless in IndiaüáÆüá≥ till date? 
To solve the problem of homeless üö´üè†üòî p‚Ä¶,
2020-07-06 02:44:03,Balwind62306320,True,False,RT @thecaravanindia: Casteism, racism and religious hatred in India are Brahminical instruments for holding down Dalit, Adivasi, Muslim, Ch‚Ä¶,
2020-07-06 02:44:03,CKMKB2o,True,False,RT @amaanbali: I think it is very important to address the issue of Grooming Of Sikh and Hindu girls in India and abroad. I‚Äôve tried to hig‚Ä¶,
2020-07-06 02:44:03,mandamas0,False,False,X eso yo no tengo cuenta en Youtube xq cuando dices la realidad del r√©gimen sionista d eeuu ellos te bloquean y haci hablan mal del internet q tiene china la india creo y Rusia cuando la verdad es eeuu el q te bloquea y hakea tus redes creadas x ellos,
2020-07-06 02:44:03,BharatjayJay,True,False,RT @narendramodi: I bow to Dr. Syama Prasad Mookerjee on his Jayanti. A devout patriot, he made exemplary contributions towards India‚Äôs dev‚Ä¶,
2020-07-06 02:44:04,parveenchalotr6,False,False,@RajBabbarMP Pls hindu muslim na kare, think about india first,
2020-07-06 02:44:04,JeetBhagat17,True,True,RT @SanjeevSanskrit: Very true. Most good martial arts teachers in India struggle to survive. They either teach PT in schools or have to fi‚Ä¶,@SanjeevSanskrit I train and i teach at home,but Hindus would rather sleep than sweat out.
 They have not learnt anything from history.
2020-07-06 02:44:04,lonesomeluv,False,True,The theme song of the first season used to give me that buzz,if you live in india, usa, canada, or australia you better watch/rewatch this asap since netflix is taking it off https://t.co/NVAwrsbrwy
2020-07-06 02:44:04,Bhupend33451580,False,False,He is the real hero of india #IStandWithGenBakshi,
2020-07-06 02:44:04,ramesh_duguta,False,False,Get ready on July 13Th ü§ôü§ô

India's biggest advance birthday trend loading ‚è≥‚è≥

Stay tuned to @TrendPSPK 

#VakeelSaab || @PawanKalyan 

#PSPKAdvBdyTrendOnJuly13th

#AssemblePKCults https://t.co/s2RGa04PAr,
2020-07-06 02:44:03,ambrishparajiya,False,False,#IncredibleIndia üáÆüá≥

Gilgit-Baltistan, #POJK 
An integral part of India . . . . .‚ùó https://t.co/Vh4bBdppBs,
2020-07-06 02:44:04,kaala_hit_,True,False,RT @sanghigayhube: So you have no issues with 40,000 Rohingya MusIims IIIegally living in India, but have issues with 25,000 Non MusIims mo‚Ä¶,
2020-07-06 02:44:04,n23pai,True,True,RT @db_is_db: Abani Mukherji, who along with MN Roy founded the Communist Party of India in 1920, and later settled down in the Soviet Unio‚Ä¶,In the Gulag Archipelago, Solgenitchen wrote about a few American Lefti who came to the Soviet Union because they loved Communism. They were arrested as soon as they arrived and sent to the Gulag. One of them was executed.
2020-07-06 02:44:04,ck_vintage,True,True,RT @ksinamdar: Terrifying statements by Mr. Bhatt. Headley doesn‚Äôt seem to be just an accident.,This man brazenly and openly supports Izlamic terror attacks on India. Are you STILL going to watch his movie? @MaheshNBhatt is a creep in more ways than one. https://t.co/TGwZwqhFWX
2020-07-06 02:44:04,agustdsslvt,True,False,RT @BANGTANPRlNT: Like @BTS_twt are literally the first group going viral in India like there's always these funny videos but this is diffe‚Ä¶,
2020-07-06 02:44:04,Indo99P,True,False,RT @HansrajMeena: This is ur @Twitter @TwitterIndia
@jack @verified right to suspend any handle, but we have right to know the reasons behi‚Ä¶,
2020-07-06 02:44:04,MukeshS86003298,True,False,RT @npcchd: Join National Productivity Council and UNIDO, India webinar on Leveraging MSMEs Financing for Post lockdown Revival

Date: 7 Ju‚Ä¶,
2020-07-06 02:44:05,VikasGurwani,True,False,RT @edmnangagwa: Thank you to our dear friends in India for the delivery of these important COVID-19 related medicines. Your donations touc‚Ä¶,
2020-07-06 02:44:05,AjjuSahu17,True,True,RT @rakeshkumarmitt: Yes sir, give 1 time exemption to all FMGE &amp; let them serve in this pandemic or atleast give license to those who scor‚Ä¶,@anubha1812 #letfmgserve Govt.Please don‚Äôt risk the life‚Äôs by refusing the facts where India need huge number of doctors to support the healthcare system .Lower the passing percentage of previous FMGEs give us registration to serve our nation in pandemic!so that our country can get well soon
2020-07-06 02:44:05,samir_patil,True,False,RT @csranga: "India is finally starting to invoke Chanakya!.." by @anuraag_saxena 

https://t.co/LYkbxuke8i,
2020-07-06 02:44:05,Kalki_108,True,False,RT @HumanityNext: To make Mu$lims happy - 

* Hindu women wearing I$lamic cap in India 

* Christian women wearing Hijab in NZ 
....
Never‚Ä¶,
2020-07-06 02:44:05,DrWH9,True,False,RT @trending2020: 2 dead, 8 hurt in South Carolina nightclub shooting: Sheriff ‚Äì Times of¬†India https://t.co/ICEM80RqKL,
2020-07-06 02:44:05,lakshmikar,False,True,üëáüëç #APFightsCoronavirus in nutshell,As #AndhraPradesh crossed 1 million total tests today, Revisiting state's #COVID19 situation. 
Observations(1 month):
1.Cumulative positive rate is increased just by 0.77%. India-6.87%
2.Cumulative case fatality rate is down to 1.44% from 2.13%
3.Real time Reproductive no. 1.12 https://t.co/qfyKCW2Qaf
2020-07-06 02:44:05,arif_2009,False,False,@globaltimesnews At least india can trust others than themselves.,
2020-07-06 02:44:05,NaveenK05284721,True,False,RT @SYEDMISSAM1: @HardeepSPuri @MoCA_GoI @MEAIndia @airindiain @airvistara @IndiGo6E @goairlinesindia @flyspicejet @PIB_India @MIB_India @i‚Ä¶,
2020-07-06 02:44:05,yaar_ni,False,False,India                   china 

#56InchTummy https://t.co/aInR7AcGDH,
2020-07-06 02:44:06,StuartSimon,True,False,RT @platzi: Recientemente India bloque√≥ m√°s de 50 aplicaciones de China. Un comportamiento que despierta un gran debate sobre el poder geop‚Ä¶,
2020-07-06 02:44:06,samir_patil,True,False,RT @csranga: His Holiness @DalaiLama  when individuals find inner peace "families, communities and nations too can live harmoniously. I am‚Ä¶,
2020-07-06 02:44:06,WillDav47674949,True,False,RT @earth: A black panther roaming in the jungles of Kabini, India. https://t.co/UT8zodvv0m,
2020-07-06 02:44:06,rustingqueen,True,True,RT @zamirmohyedin: Tahukah anda, tanpa ilmuan¬≤ Yunani, India &amp; Mesir, tiadalah ilmuan sains Arab. Ibn Sina ambil manfaat dari Galen, Ibn Ha‚Ä¶,@zamirmohyedin Tahukah anda tanpa muslim scientist sebelumnya (golden age), segelintir scientist barat tidak akan ada di gambar itu. Sejarah and tamadun Islam di perkecilkan. Nama2 Scientist Islam seperti Ibn Sina dilatinkan. Kota2 spt Samarkand &amp; Cordoba &amp; perpustakaan Ilmuan dibakar.... https://t.co/pbEBoqUsJw
2020-07-06 02:44:06,GauravMatte1995,True,False,RT @GauravMatte1995: Best Selling and Best Price Buy Now
Men's clothing: Shop for men's clothing online at best prices in India. Choose fro‚Ä¶,
2020-07-06 02:44:07,akshays_freak,True,False,RT @VICKed__007: Happy Birthday To The ACTION LEGEND @TheSlyStallone üéÇüéÇüéÇ
Wishing you a happy and healthy life ahead. It was great to see yo‚Ä¶,
2020-07-06 02:44:07,mverdoux,True,True,RT @anuragteddy: What Fcking Contributions https://t.co/YKuLPb3xrR,I bow to Dr. Syama Prasad Mookerjee on his Jayanti. A devout patriot, he made exemplary contributions towards India‚Äôs development. He made courageous efforts to further India‚Äôs unity. His thoughts and ideals give strength to millions across the nation.
2020-07-06 02:44:08,vel_Indian,True,True,RT @tecoholic: The side effects of potential drugs are here and ICMR thinks we can have vaccine by Independence day.

That ‡Æ™‡Æï‡Æ≤‡Øç‡Æ≤‡Øà‡ÆØ‡Øá ‡Æ™‡Æö‡ØÅ‡ÆÆ‡Ææ‡Æü‡ØÅ‚Ä¶,Remdesivir is showing reports of liver damage in patients from across India, says health official
https://t.co/eezDFVrYdl
2020-07-06 02:44:07,Sarathy80355584,False,False,Dear J.K.Rowling , 
I am Srinithi from India . I am your no.1 fan !. I loved your Ickabog and designed a book cover covering all the main characters. And here it is !!! @jk_rowling #TheIckabog @TheIckabog https://t.co/IOBkpywD5T,
2020-07-06 02:44:08,shabtan_tv,True,False,RT @EgosShadow7: If BTS continue going viral in India...I won't ever worry about our yt numbers lolüò≥üòå,
2020-07-06 02:44:08,pareshgelot9442,True,False,RT @narendramodi: I bow to Dr. Syama Prasad Mookerjee on his Jayanti. A devout patriot, he made exemplary contributions towards India‚Äôs dev‚Ä¶,
2020-07-06 02:44:08,NeelanjanSircar,True,False,RT @NarangVipin: Here in ‚Å¶@WarOnTheRocks‚Å©, ‚Å¶@clary_co‚Å© and I analyze the India-China border crisis and why New Delhi‚Äôs options now range fr‚Ä¶,
2020-07-06 02:44:08,KAMITKUM,True,False,RT @sudiepshri: #India is ahead of #Russia now at 3rd spot after #USA and #Brazil in maximum cases of #COVID19 

Already 6.95 Lakh,
2020-07-06 02:44:08,impatil199,False,False,I think this bigot Shahid Afridi has lost it completely ...I think he was saying about himself &amp;pak team bcz if u see the stats when Afridi started playing cricket india has edge over pak nd we fucked up Pakistan left right centre ...so he used to be beg from indian team,
2020-07-06 02:44:08,theNation111,False,False,#Covid19 

Now INDIA in top three most affected countries list with 697,836 cases 
&amp; 19,700 deaths sofar. WM https://t.co/eirbvcXLVk,
2020-07-06 02:44:08,Rk473969R,True,False,RT @HansrajMeena: This is ur @Twitter @TwitterIndia
@jack @verified right to suspend any handle, but we have right to know the reasons behi‚Ä¶,
2020-07-06 02:44:08,samir_patil,True,True,RT @Aryanwarlord: The #mustread story of human determination &amp; sheer willpower this morning.,(1/n)This is the story of Leh airfield and Sonam Norbu, the first engineer from @MPLadakh who built it in 1948. The very runway, now the lifeline for India during the #IndiaChinaFaceOff . @vayusena @zone5aviation
2020-07-06 02:44:08,sid_oist,True,False,RT @ShefVaidya: If after his Hindu hatred, his justification of Izlamic terror attacks on Mumbai, his lecherous behaviour with young starle‚Ä¶,
2020-07-06 02:44:08,SGhodgerikar,True,False,RT @narendramodi: I bow to Dr. Syama Prasad Mookerjee on his Jayanti. A devout patriot, he made exemplary contributions towards India‚Äôs dev‚Ä¶,
2020-07-06 02:44:08,imsuniljarwal,True,False,RT @HansrajMeena: This is ur @Twitter @TwitterIndia
@jack @verified right to suspend any handle, but we have right to know the reasons behi‚Ä¶,
2020-07-06 02:44:08,vn2dsr,True,True,RT @amaleshwar: After Xiaomi in India, now Huawei in France

Chinese companies on a roll to brand themselves as "Not Made in China". https:‚Ä¶,Huawei hard at work trying to brand itself as "made in France": three full pages of advertising in today's weekly @leJDD (48 pages overall). Not sure whether I should laugh or cry...üòÇüòÇüòÇüò≠üò≠üò≠ https://t.co/rg3SpaqEYH
2020-07-06 02:44:08,ShafiMALKA,True,False,RT @SalmanNizami_: Article 370 didn't solve Kashmir.  More soldiers being killed. More youths joining militancy. China inside our territory‚Ä¶,
2020-07-06 02:44:09,c_rajaykr,True,False,RT @narendramodi: I bow to Dr. Syama Prasad Mookerjee on his Jayanti. A devout patriot, he made exemplary contributions towards India‚Äôs dev‚Ä¶,
2020-07-06 02:44:09,boozzoman,False,False,Delhi Police On Duty Outside US Embassy Mowed Down By Speeding Car
Dailyaddaa
Further investigation in this matter is on, police are probing if Bhagat
was drunk at ... https://t.co/LwOt60ShU8,
2020-07-06 02:44:09,AdyLoVeSoU,True,False,RT @Sidbakaria: I demand immediate Ban of Pubg in India. https://t.co/3XpOdDrP7J,
